setname,solvername,problemname,status,solutionstatus,objvalue,runtime
C13_ATL_10,GREEDY,graphmapping_444a53c9,1,1,4,0.2829053790001126
C13_POL_10,QL_CLC_C13_POL_10,graphmapping_eaa94ddd,1,1,3,0.0124094679999871
C13_ABI_10,QL_C13_ABI_10,graphmapping_4682be01,1,1,4,0.6636989730000096
C13_POL_10,QL_C13_POL_10,graphmapping_eaa94ddd,1,1,4,0.508851722999907
C13_ATL_10,QL_C13_ATL_10,graphmapping_444a53c9,1,1,6,0.9796185570000944
C13_PIO_20,QL_CLC_C13_PIO_20,graphmapping_bcc37619,1,1,11,0.09491386500008048
C13_COS_20,QL_C13_COS_20,graphmapping_a552b1b0,1,1,13,7.149382212999853
C13_PIO_20,QL_C13_PIO_20,graphmapping_bcc37619,1,1,13,10.906805340000119
C13_ATL_10,QL_CLC_C13_ATL_10,graphmapping_444a53c9,1,1,4,0.01568343899998581
C13_COS_20,GREEDY,graphmapping_a552b1b0,1,1,10,0.394831264000004
C13_POL_10,GREEDY,graphmapping_eaa94ddd,1,1,3,0.31080772099994647
C13_PIO_20,GREEDY,graphmapping_bcc37619,1,1,11,0.3674872869999035
C13_ABI_10,GREEDY,graphmapping_4682be01,1,1,3,0.2676989560000038
C13_ABI_10,QL_CLC_C13_ABI_10,graphmapping_4682be01,1,1,3,0.0060734460000730905
C13_COS_20,QL_CLC_C13_COS_20,graphmapping_a552b1b0,1,1,9,0.04262403600000653
C13_POL_10,ILP_GUROBI,graphmapping_5a04f3c8,1,1,5,19.041062116622925
C13_ATL_10,ILP_GUROBI,graphmapping_417567ba,1,1,7,731.9964079856873
C13_COS_20,ILP_GUROBI,graphmapping_566796e3,1,1,16,122515.60526633263
C13_PIO_20,ILP_GUROBI,graphmapping_5f05bfbe,1,1,20,412.88931941986084
C13_ABI_10,ILP_GUROBI,graphmapping_5bc7a694,1,1,5,57.171727895736694